quarter,mv_debt_to_GDP,LHS,return_reserves,return_revrepo,return_treasury,inflation_effect,growth_effect,residual_total,primary_deficit,mv_debt_to_GDP,mv_reserv_to_GDP,mv_revrepo_to_GDP,mv_treas_to_GDP
1947Q1,1.053811415341087,,,,,,,,,1.053811415341087,0.0643918055304239,0.0,0.8706058462601372
1947Q2,1.030503171144214,-0.02330824419687283,0.0,0.0,-0.0027119564237356583,-0.014944996286140565,0.0027949637548547544,3.126779449542472e-05,-0.008477523036346784,1.030503171144214,0.0653767359981786,0.0,0.8521433682430235
1947Q3,1.0187276519021575,-0.011775519242056554,0.0,0.0,9.457608705514339e-05,-0.017328577973041957,0.002111287166888893,-1.3965913549088508e-06,0.0033485920683962757,1.0187276519021575,0.0674341687200753,0.0,0.8365887373039246
1947Q4,0.9595570078346072,-0.05917064406755035,0.0,0.0,-0.014701265670227986,-0.025093561274985358,-0.015953141326270282,0.0005923452442869921,-0.004015021040353721,0.9595570078346072,0.069226071724191,0.0,0.7788407861556527
1948Q1,0.9240024346922956,-0.035554573142311585,0.0,0.0,0.0012965204561487492,-0.007580598176063466,-0.014451290746566599,-2.976873124010412e-05,-0.014789435944590167,0.9240024346922956,0.0626123044155609,0.0,0.751480759533683
1948Q2,0.8959831711102224,-0.028019263582073184,0.0,0.0,0.0004714889586244324,-0.008332765319180365,-0.01526800773640753,-1.2042721418170613e-05,-0.004877936763691547,0.8959831711102224,0.0637972571881408,0.0,0.7260600146019144
1948Q3,0.8720061032393013,-0.02397706787092113,0.0,0.0,-0.001722345498371181,-0.01653961583823572,-0.005147587013656534,4.1689238602478365e-05,-0.0006092087592601755,0.8720061032393013,0.0712170339116606,0.0,0.6970013897047235
1948Q4,0.8700209012505083,-0.0019852019887929284,0.0,0.0,0.0014466617903683451,-0.0026461269433162076,-0.0009878650833065547,-6.028808046055241e-06,0.00020815705550754435,0.8700209012505083,0.0721850866367534,0.0,0.6944493982865255
1949Q1,0.8830324468974746,0.013011545646966272,0.0,0.0,0.0021343099217358097,0.004623986801413318,0.011976828104420668,4.0724635363925966e-05,-0.005764303815967452,0.8830324468974746,0.0691498614716726,0.0,0.7104576161492762
1949Q2,0.9000378292322491,0.017005382334774444,0.0,0.0,0.0034144437224277067,0.008855730252485964,0.00299928572395841,4.584008778190507e-05,0.0016900825481204595,0.9000378292322491,0.0663823055746984,0.0,0.7344730625647224
1949Q3,0.9086811011070436,0.008643271874794523,0.0,0.0,0.002937671097452539,0.004110444291935001,-0.009305854469783536,-1.6957516476719147e-05,0.010917968471667237,0.9086811011070436,0.0586891666575054,0.0,0.7486560469641502
1949Q4,0.9197751850332744,0.011094083926230791,0.0,0.0,0.001872779168783902,-7.579922431674504e-05,0.007612978056949823,1.553402122258002e-05,0.0016685919035912301,0.9197751850332744,0.0602258496011114,0.0,0.7552831018338895
1950Q1,0.8816930897203984,-0.038082095312875985,0.0,0.0,-0.005660633268303646,0.0014576468859481976,-0.036162675215062896,0.00021358745173158825,0.002069978832810772,0.8816930897203984,0.0561965366701326,0.0,0.7282037403677697
1950Q2,0.852895083389868,-0.028798006330530423,0.0,0.0,-0.0035980649213950963,-0.0030200013933613383,-0.026899842451999875,0.00012209865524493577,0.004597803780980951,0.852895083389868,0.0550598726509472,0.0,0.7032092099055386
1950Q3,0.7980359886160446,-0.054859094773823336,0.0,0.0,-0.0016179284375493065,-0.018533479041275287,-0.03296495613044501,9.769171422873452e-05,-0.0018404228787824647,0.7980359886160446,0.0541909149026619,0.0,0.6532469260399866
1950Q4,0.7634002812983481,-0.034635707317696496,0.0,0.0,-0.0018844244804061758,-0.01495667188573103,-0.015282045306581279,7.140352032505665e-05,-0.0025839691653030683,0.7634002812983481,0.0536773664223538,0.0,0.6210442419790901
1951Q1,0.7130727291666666,-0.0503275521316815,0.0,0.0,-0.005298785143673009,-0.027539075897100702,-0.010366639904268105,0.0002631047546995695,-0.007386155941339248,0.7130727291666666,0.0566149136904761,0.0,0.5729166666666666
1951Q2,0.6889991862594089,-0.024073542907257717,0.0,0.0,-0.0032878114654121687,-0.004734366919503876,-0.0123513794871668,7.877837790350678e-05,-0.003778763413078378,0.6889991862594089,0.0555156441628643,0.0,0.5533436019646023
1951Q3,0.6806994123255119,-0.008299773933897026,0.0,0.0,0.0014549283757205058,-0.0004227313053207231,-0.014193305222197897,-3.08640223508883e-05,0.004892198240251977,0.6806994123255119,0.0551225607239922,0.0,0.5441325042332484
1951Q4,0.6761523058695371,-0.004547106455974781,0.0,0.0,-0.0033726783535074053,-0.007773757372307899,-0.0014904190181796624,4.5901445791656275e-05,0.008043846842228529,0.6761523058695371,0.0567342845431216,0.0,0.5384947975450477
1952Q1,0.6618675782335611,-0.014284727635975991,0.0,0.0,0.0027801435209700892,0.00030743511937088975,-0.007214045466223895,-2.8397992347264504e-05,-0.01012986281774581,0.6618675782335611,0.0563513729086765,0.0,0.5272080484686787
1952Q2,0.666748306234939,0.004880728001377843,0.0,0.0,0.0016675004168751652,-0.0008028719675311455,-0.001418380904646311,-5.596195088187282e-06,0.005440076651768322,0.666748306234939,0.0554131928094618,0.0,0.5315347755034209
1952Q3,0.6583130913432381,-0.008435214891700848,0.0,0.0,-0.005205752955961379,-0.007472266342781297,-0.00480879228693898,9.588649369807902e-05,0.008955710200282727,0.6583130913432381,0.0559708431578918,0.0,0.5224353482856995
1952Q4,0.6476037992500236,-0.010709292093214473,0.0,0.0,0.00034405921998669837,-0.001774694570043252,-0.021618643709706845,-1.2226239804821499e-05,0.012352213206353747,0.6476037992500236,0.0545804386416394,0.0,0.51232629223869
1953Q1,0.6224518067941647,-0.025151992455858974,0.0,0.0,-0.0032483692605763145,-0.0001450942044623082,-0.01203921349505814,6.111627300266196e-05,-0.009780431768764872,0.6224518067941647,0.0519316304964173,0.0,0.493582143409454
1953Q2,0.6128712185608641,-0.009580588233300547,0.0,0.0,-0.0028733673940083784,-0.001254849457436082,-0.004812122093279606,2.8006406349733056e-05,-0.0006682556949262133,0.6128712185608641,0.0514935379541492,0.0,0.4842386323896168
1953Q3,0.6340641279644964,0.021192909403632276,0.0,0.0,0.006254579687521924,-0.0025574357853509902,0.00344749849102406,9.083422342129017e-06,0.014039183588095153,0.6340641279644964,0.0493608549713552,0.0,0.5061724923371109
1953Q4,0.6532924709174288,0.01922834295293241,0.0,0.0,0.003837946914107327,-0.0011762840011214817,0.009597947413521832,5.097575415444781e-05,0.006917756872270284,0.6532924709174288,0.0518157680648755,0.0,0.5202476876441174
1954Q1,0.6464004748991163,-0.006891996018312474,0.0,0.0,0.005791753343458638,-0.002080703373783412,0.003119932037391187,9.21326412749847e-06,-0.013732191289506385,0.6464004748991163,0.0498104088544031,0.0,0.5177178891642553
1954Q2,0.6449749819357145,-0.0014254929634018865,0.0,0.0,0.0010538384319462861,-0.0005727115843759605,-0.0007072438971994549,-2.086734663793381e-06,-0.0011972891791089638,0.6449749819357145,0.0492366952328415,0.0,0.5164184284201067
1954Q3,0.6431586512393989,-0.0018163306963155934,0.0,0.0,-0.001902666193877176,-0.0008564141099767117,-0.007286214079512332,2.40206268760302e-05,0.008204943060174595,0.6431586512393989,0.0468825179797235,0.0,0.518675382868367
1954Q4,0.6380459880820746,-0.005112663157324282,0.0,0.0,-0.0028366242031738456,-0.0017531214156371738,-0.012586384212907692,6.324378697090318e-05,0.012000222887423528,0.6380459880820746,0.0481141834319822,0.0,0.512340706569869
1955Q1,0.6012919919723632,-0.03675399610971142,0.0,0.0,-0.005311339101666152,-0.003000142769616648,-0.01822639687807138,0.0001766978433055046,-0.010392815203662746,0.6012919919723632,0.0445147128957835,0.0,0.4832075686379889
1955Q2,0.5858130130096885,-0.015478978962674694,0.0,0.0,-0.002688107001341213,-0.002462329181020259,-0.009786297654066013,5.475812083278936e-05,-0.0005970032470799993,0.5858130130096885,0.044111925073304,0.0,0.469003539470313
1955Q3,0.5783988670938889,-0.007414145915799586,0.0,0.0,-0.0008716002756786916,-0.004095699457354175,-0.007913287306956547,1.7867537835356817e-05,0.00544857358635447,0.5783988670938889,0.0429439357911399,0.0,0.4637151603478212
1955Q4,0.5759462515900542,-0.0024526155038346875,0.0,0.0,-0.0013209070183138852,-0.005730863151215958,-0.0034742461227377577,2.1021986964469564e-05,0.008052378801468444,0.5759462515900542,0.0432172105643663,0.0,0.4591710669607313
1956Q1,0.5587785539834359,-0.017167697606618293,0.0,0.0,-0.002465956083515308,-0.0057743107435266425,0.002234917315474498,1.5154172341192135e-05,-0.011177502267392034,0.5587785539834359,0.0422567254733414,0.0,0.4463940547497874
1956Q2,0.5420437366875183,-0.016734817295917637,0.0,0.0,0.0018186507126343758,-0.003288330968563931,-0.0046187303252811845,-2.57350296542007e-05,-0.010620671685052697,0.5420437366875183,0.0416124414250801,0.0,0.4302594112239636
1956Q3,0.532255849518275,-0.009787887169243281,0.0,0.0,-0.0062111365387180345,-0.006800858894084637,0.0004862315917066664,7.235765255008702e-05,0.0026655190193026358,0.532255849518275,0.0413480322080892,0.0,0.4211076905346073
1956Q4,0.5228756577618614,-0.00938019175641358,0.0,0.0,-0.004088717904211485,-0.00214903162353355,-0.008760459157768503,8.380524201605471e-05,0.005534211687083903,0.5228756577618614,0.0415672138695182,0.0,0.4113251227568773
1957Q1,0.5135990433799722,-0.009276614381889203,0.0,0.0,0.0047777997363523585,-0.007178075312823159,-0.003347804846975941,-9.61807012925987e-05,-0.003432353257149863,0.5135990433799722,0.0390599026350688,0.0,0.407851351380117
1957Q2,0.4938684857793549,-0.019730557600617316,0.0,0.0,-0.007416164480177425,-0.0035830040643429354,0.0011255021736427933,3.548534302525134e-05,-0.009892376572765,0.4938684857793549,0.0394644520946983,0.0,0.3868439171654044
1957Q3,0.4947271767920081,0.0008586910126532343,0.0,0.0,0.0005942276282413647,-0.0029518730386865785,-0.004839525120086628,-9.374690189566818e-06,0.008065236233374642,0.4947271767920081,0.0387788421030678,0.0,0.3889549312811529
1957Q4,0.5151744794299,0.020447302637891906,0.0,0.0,0.013964858975534428,-0.00033402685625013646,0.005118142416479873,0.00013504311518620297,0.0015632849869415405,0.5151744794299,0.0400826236564574,0.0,0.4062215708076418
1958Q1,0.520843532104205,0.005669052674304953,0.0,0.0,0.005050164796361861,-0.005596322190689851,0.013373432908262359,7.623764827550521e-05,-0.007234460487904923,0.520843532104205,0.0394113658724387,0.0,0.4138683321213158
1958Q2,0.5187522956578485,-0.002091236446356448,0.0,0.0,-0.001483384894232678,-0.0014948786464077815,-0.0034214151613973518,1.4001817284060522e-05,0.004294440438397303,0.5187522956578485,0.0393401323790515,0.0,0.4114598561797372
1958Q3,0.4907237511860876,-0.028028544471760952,0.0,0.0,-0.015580102994572229,-0.003176386768753596,-0.011999316763942756,0.00045578405345592907,0.0022714780020516995,0.4907237511860876,0.0372571232152082,0.0,0.3867520443931245
1958Q4,0.4921470568806237,0.0014233056945361366,0.0,0.0,-0.00043103300089803966,-0.0023372435063436763,-0.011474249989773129,1.2131488386543295e-05,0.015653700703164436,0.4921470568806237,0.0370409484441152,0.0,0.3885458057671327
1959Q1,0.4790658103580036,-0.013081246522620105,0.0,0.0,-0.000991720069285378,-0.0011340540516705476,-0.009441380578844012,2.1310440889298754e-05,-0.0015354022637094674,0.4790658103580036,0.0356519840103462,0.0,0.3795583250053886
1959Q2,0.4671097133279632,-0.011956097030040413,0.0,0.0,-0.004178510369497871,-0.0007552272365076417,-0.01079542976503081,0.00010074720218371198,0.003672323138812196,0.4671097133279632,0.0347994348066499,0.0,0.3686958651342286
1959Q3,0.4688538685113725,0.0017441551834093127,0.0,0.0,-0.0018980161858145328,-0.0018074156011509935,-0.0003257003130274215,8.667532307311631e-06,0.005766619751094949,0.4688538685113725,0.0338260265049501,0.0,0.3712140547088379
1959Q4,0.4725184619750283,0.003664593463655774,0.0,0.0,-0.0007819328091919928,-0.0018378017972614552,-0.0013361429750872304,5.293358376124071e-06,0.007615177686820329,0.4725184619750283,0.0339767234203556,0.0,0.3732500945894816
1960Q1,0.4614922141056449,-0.011026247869383388,0.0,0.0,0.009837306091562609,-0.0018756833591771975,-0.010625178937606986,-0.0002602539767608898,-0.008102437687400923,0.4614922141056449,0.03264764082794,0.0,0.3685630463947162
1960Q2,0.4600728043912175,-0.0014194097144273887,0.0,0.0,0.0025651699807725677,-0.0011665929705807214,0.0024844769359582,7.325359524600638e-06,-0.005309789020102035,0.4600728043912175,0.0323945645745545,0.0,0.3661196126265986
1960Q3,0.4641654405026356,0.00409263611141808,0.0,0.0,0.0043035109213431805,-0.001576508607534328,-0.0022540403946610037,-3.58308713498096e-05,0.003655505063620041,0.4641654405026356,0.0330976147535575,0.0,0.369865323568009
1960Q4,0.4730842988761508,0.008918858373515193,0.0,0.0,0.0013416077081299237,-0.0013757480839639924,0.005955851357604556,1.3238171823592254e-05,0.0029839092199211133,0.4730842988761508,0.0307005536868957,0.0,0.3783804797138821
1961Q1,0.4577628628779233,-0.015321435998227495,0.0,0.0,-0.0008035237799750453,-0.0010333333008986448,-0.0031934040158090593,7.1790248667112735e-06,-0.010298353926411458,0.4577628628779233,0.0293421501675174,0.0,0.3709969212026024
1961Q2,0.4483579188004573,-0.009404944077466004,0.0,0.0,-0.0016598762930831866,-0.0010563758374106088,-0.007772148204982737,3.20127711294738e-05,0.0010514434868810537,0.4483579188004573,0.0289895508014652,0.0,0.3619868777506773
1961Q3,0.4475499591307534,-0.0008079596697038727,0.0,0.0,0.00018077376280428332,-0.0011469887920196277,-0.00861011211520389,-3.93397277286604e-06,0.008772301447488228,0.4475499591307534,0.0287317849995772,0.0,0.3620099213619324
1961Q4,0.4463221566209447,-0.0012278025098086953,0.0,0.0,-0.0009319727789482887,-0.0013989504974104494,-0.008779451539625345,2.1195384868614866e-05,0.009861376921306774,0.4463221566209447,0.0308019813576019,0.0,0.3577259856840712
1962Q1,0.4352126973652091,-0.011109459255735588,0.0,0.0,0.0030972660901857495,-0.002299020329812127,-0.007960884045301462,-7.119891638401466e-05,-0.003875622054423734,0.4352126973652091,0.0282586408041574,0.0,0.3525175374949706
1962Q2,0.4315600816835064,-0.00365261568170272,0.0,0.0,-0.0010267154977099105,-0.0007159009320191949,-0.003937605989284573,1.0978144028719809e-05,0.002016628593282239,0.4315600816835064,0.0286341998047857,0.0,0.3469550241019645
1962Q3,0.4293060898777887,-0.0022539918057177255,0.0,0.0,0.0018612106293838173,-0.0008995378155353621,-0.005306318904836512,-2.6764306947322946e-05,0.0021174185922176545,0.4293060898777887,0.0280857827321284,0.0,0.3457974769591496
1962Q4,0.4351554844188933,0.005849394541104613,0.0,0.0,0.0007362424722017447,-0.000892978314904913,-0.0014141422960090816,-3.956617952311048e-06,0.007424229297769175,0.4351554844188933,0.0275478539230417,0.0,0.350983210295943
1963Q1,0.4264403093592762,-0.008715175059617108,0.0,0.0,-0.0006579536909984443,-0.0018886481585673844,-0.004752291382879973,1.0041079199145895e-05,-0.0014263229063704534,0.4264403093592762,0.0263965563834304,0.0,0.3447155413143908
1963Q2,0.4205861990116745,-0.005854110347601693,0.0,0.0,-0.001000942963153969,-0.0007478129054963302,-0.004786427151662776,1.2989997709037468e-05,0.0006680826750023452,0.4205861990116745,0.0264612101271611,0.0,0.3372756259606956
1963Q3,0.4117611460421697,-0.00882505296950481,0.0,0.0,-0.0010857787243080924,-0.0005521919461859601,-0.009247979690260444,2.5299969144079698e-05,0.0020355974221056075,0.4117611460421697,0.0257912246836032,0.0,0.3297416067183494
1963Q4,0.4096550437503249,-0.002106102291844769,0.0,0.0,-0.0013363301254261523,-0.0033422170944981604,-0.0027007608978044093,1.9611888144429595e-05,0.005253593937739523,0.4096550437503249,0.0260712789285834,0.0,0.3260247913410751
1964Q1,0.397780305812589,-0.011874737937735913,0.0,0.0,-0.0013546310947802464,-0.001293967994008794,-0.00863845155905207,3.284413210149544e-05,-0.0006205314219962978,0.397780305812589,0.0247991257378826,0.0,0.3176963432075984
1964Q2,0.3936028196158981,-0.004177486196690894,0.0,0.0,0.002312600169767568,-0.000908678848864908,-0.0043320995265912765,-3.0468640060084646e-05,-0.0012188393509421926,0.3936028196158981,0.0250738940934822,0.0,0.3123738348603306
1964Q3,0.3905417531873573,-0.003061066428540815,0.0,0.0,-0.00020761495618954102,-0.0015759629958748509,-0.006150444194082514,4.075473066506358e-06,0.004868880244539584,0.3905417531873573,0.0247402211750629,0.0,0.3099572128994222
1964Q4,0.3937537913064178,0.003212038119060512,0.0,0.0,-0.00023018396127679069,-0.001773120420631024,-0.0012075202902749945,1.756779346586462e-06,0.006421106011896735,0.3937537913064178,0.0255636229616574,0.0,0.3099012073383917
1965Q1,0.3801042087518634,-0.013649582554554396,0.0,0.0,0.0004026710741219389,-0.0019720155675274124,-0.00952847996969175,-1.1760945527767228e-05,-0.002539997145929406,0.3801042087518634,0.0240697139831984,0.0,0.3002270859164937
1965Q2,0.3699306071972949,-0.010173601554568479,0.0,0.0,-3.4926145367257633e-06,-0.0017555709428830925,-0.004802505796196004,6.025935420994851e-08,-0.0036120924603068663,0.3699306071972949,0.0249647010165833,0.0,0.2886915889130378
1965Q3,0.3571744094335821,-0.01275619776371284,0.0,0.0,-0.0016991077838281248,-0.0014321915710257254,-0.008224151019698643,4.435201235041465e-05,-0.0014450994015107622,0.3571744094335821,0.0237507723638537,0.0,0.2777173528638518
1965Q4,0.3531444296028927,-0.0040299798306893675,0.0,0.0,-0.0030932356906997454,-0.002453623541755245,-0.008228947337158735,9.251421333204744e-05,0.009653312525592312,0.3531444296028927,0.024281699848547,0.0,0.2725893526909777
1966Q1,0.3409832934121201,-0.012161136190772637,0.0,0.0,0.0002734909321427545,-0.0022614431723926662,-0.008594953827971426,-8.407682201529079e-06,-0.001569822440349769,0.3409832934121201,0.0225464790997996,0.0,0.2650383168244664
1966Q2,0.3282723443162013,-0.0127109490959188,0.0,0.0,-0.002442991792741833,-0.0027982691776208715,-0.001164357240694016,2.839043438396545e-05,-0.006333721319246044,0.3282723443162013,0.0227682392503674,0.0,0.2506891467003569
1966Q3,0.324450550120907,-0.0038217941952942702,0.0,0.0,-0.0006433326303230514,-0.003175455023466796,-0.002779917132282493,1.1671056974024129e-05,0.002765239533804046,0.324450550120907,0.0220463180086818,0.0,0.2475483079115414
1966Q4,0.3311836525053341,0.006733102384427092,0.0,0.0,0.00404800250716386,-0.002710388402108313,-0.0026618034382469243,-6.702607232633542e-05,0.008124317789944805,0.3311836525053341,0.0239649010802806,0.0,0.2516494620197719
1967Q1,0.3253929895637135,-0.005790662941620617,0.0,0.0,0.002495082235657155,-0.0013814508418042509,-0.0029336026525396118,-3.2508891179265855e-05,-0.003938182791754643,0.3253929895637135,0.0220559839842685,0.0,0.24983119513842
1967Q2,0.3075621066617353,-0.017830882901978207,0.0,0.0,-0.0055997373330568855,-0.0016520269475340183,-0.0001996333803768617,3.1865503556930956e-05,-0.010411350744567373,0.3075621066617353,0.0223808957305387,0.0,0.229686577940901
1967Q3,0.3131850033459196,0.005622896684184309,0.0,0.0,0.00033971139299585653,-0.002948330854285643,-0.0029097713571228615,-6.470446194265453e-06,0.011147757948791222,0.3131850033459196,0.0231602354510288,0.0,0.2355434894415724
1967Q4,0.3176045080828055,0.004419504736885904,0.0,0.0,-0.001784257273488208,-0.003490121711155332,-0.002360955550824846,3.333437760715058e-05,0.01202150489474714,0.3176045080828055,0.0243454169829109,0.0,0.2369988167076791
1968Q1,0.3112833150242965,-0.006321193058508978,0.0,0.0,0.00047149059713197074,-0.003518223576940732,-0.006476816750885245,-1.483784836988568e-05,0.003217194520554913,0.3112833150242965,0.0233475956880843,0.0,0.2347735342598915
1968Q2,0.2980690195474043,-0.013214295476892235,0.0,0.0,0.0010506956113176228,-0.003289240301129811,-0.005199592461661375,-2.8652930942918622e-05,-0.005747505394475752,0.2980690195474043,0.0225131215055696,0.0,0.2216528387831462
1968Q3,0.3026382352167854,0.0045692156693811214,0.0,0.0,0.0016413040602785188,-0.002919833002005293,-0.0023085998811160574,-2.8790137710356777e-05,0.00818513462993431,0.3026382352167854,0.0235721610180632,0.0,0.2256987353088107
1968Q4,0.2939660960920632,-0.0086721391247222,0.0,0.0,-0.010256669306126558,-0.004271802437252628,-0.0011886846016781094,0.00018506058815927326,0.006859956632175821,0.2939660960920632,0.0225809117486028,0.0,0.2168321229713955
1969Q1,0.2908972483658617,-0.0030688477262014735,0.0,0.0,0.006485780929240728,-0.0030331841385251375,-0.004598895764042775,-0.0001683867593595357,-0.0017541619935147533,0.2908972483658617,0.0221395155923921,0.0,0.2172475202272743
1969Q2,0.2731759529047987,-0.017721295461063047,0.0,0.0,-0.0032254951989051047,-0.003698108636140491,-0.0008824482822607532,5.078963253042804e-05,-0.009966032976287127,0.2731759529047987,0.0209648966323759,0.0,0.1984103387445243
1969Q3,0.2713562521117407,-0.0018197007930579878,0.0,0.0,-0.002010282551928045,-0.003845325667234923,-0.0018028311348152572,4.1564387161384465e-05,0.005797174173758852,0.2713562521117407,0.0217815129966717,0.0,0.1967074321621506
1969Q4,0.2730971625405651,0.0017409104288244048,0.0,0.0,-0.000685938512408821,-0.003499648147087807,0.0013247857815016093,5.4976505760767016e-06,0.004596213656243347,0.2730971625405651,0.0211761918109863,0.0,0.1966002887837657
1970Q1,0.275997907153729,0.002900744613163919,0.0,0.0,0.004557486850572086,-0.0038543064461647038,0.00040661904531482626,-5.753553002192922e-05,0.0018484806934636396,0.275997907153729,0.0214164764079147,0.0,0.2021499238964992
1970Q2,0.2644047312331655,-0.011593175920563525,0.0,0.0,-0.0023349025316633186,-0.003841035819606146,-0.0003911398595000729,3.580359651816122e-05,-0.005061901306312149,0.2644047312331655,0.0201428738728188,0.0,0.1899051411172268
1970Q3,0.2698932562595586,0.005488525026393132,0.0,0.0,0.003719640141522319,-0.002169623068105811,-0.002436403362595419,-6.479748196880988e-05,0.0064397087975408525,0.2698932562595586,0.0219030457829639,0.0,0.1948328774035296
1970Q4,0.280945941973603,0.011052685714044386,0.0,0.0,0.0045127266836489195,-0.0035678682325044346,0.002892103730370146,-1.1299061499007453e-05,0.007227022594028762,0.280945941973603,0.0203783179987653,0.0,0.2048487609865075
1971Q1,0.2758087875146676,-0.005137154458935422,0.0,0.0,0.005599630317958253,-0.00426732553895935,-0.007630911027941804,-0.00023714785037371784,0.0013985996403811964,0.2758087875146676,0.022844437240344,0.0,0.2007653573605742
1971Q2,0.2672989290572884,-0.008509858457379171,0.0,0.0,-0.005873508765065023,-0.0036240161021924102,-0.0014916199507041398,0.00010894044916524869,0.002370345911417153,0.2672989290572884,0.0212104255836218,0.0,0.1921694827596644
1971Q3,0.2728146559959242,0.005515726938635779,0.0,0.0,0.0020662342860929073,-0.0027201812726518272,-0.002198391556468845,-3.802081756936621e-05,0.00840608629923291,0.2728146559959242,0.0213845076103339,0.0,0.1977625405990617
1971Q4,0.2857883368604642,0.012973680864539983,0.0,0.0,0.0018894956409392255,-0.0022753729157189797,-0.0006407451627501626,-2.0196834285229284e-05,0.014020500136355129,0.2857883368604642,0.02460562363847,0.0,0.2055789437426121
1972Q1,0.2753506597140115,-0.010437677146452662,0.0,0.0,-0.0009494529553269546,-0.004355881714230109,-0.00525054879934698,3.191471681964421e-05,8.629160563173623e-05,0.2753506597140115,0.0230926313719467,0.0,0.2011199333013166
1972Q2,0.2639120193245413,-0.011438640389470234,0.0,0.0,-0.00036098449566898834,-0.0017140099652648707,-0.0062484981179023544,1.0438841757807126e-05,-0.0031255866523918277,0.2639120193245413,0.0216990466443824,0.0,0.1892813232162189
1972Q3,0.2626049345790916,-0.0013070847454496604,0.0,0.0,-0.0002146600644966657,-0.002520993634377412,-0.002491566010923721,4.077102587095652e-06,0.003916057861761042,0.2626049345790916,0.0206173105443658,0.0,0.1903040991316988
1972Q4,0.2631484290814084,0.000543494502316777,0.0,0.0,0.0006216541535153484,-0.0033485264704822635,-0.004397151168408994,-1.833603273192675e-05,0.007685854020424613,0.2631484290814084,0.0168522331184193,0.0,0.1941449495223131
1973Q1,0.2561339828238317,-0.00701444625757669,0.0,0.0,-0.0029905087945397337,-0.0030322304191878575,-0.006512770285427098,0.00010847265420006893,0.005412590587377931,0.2561339828238317,0.0193438790844216,0.0,0.1871519938438754
1973Q2,0.2453675576619631,-0.010766425161868598,0.0,0.0,-0.0007568189889882055,-0.003942949242977676,-0.002788641920406254,1.9890355673960737e-05,-0.0032979053651704237,0.2453675576619631,0.0175226167296254,0.0,0.1770297060514737
1973Q3,0.2441419463007676,-0.0012256113611955055,0.0,0.0,0.0008682606018886006,-0.004772157731535284,0.0012902366647209688,-1.2321167924595007e-05,0.0014003702716548039,0.2441419463007676,0.0215289314413483,0.0,0.1738690144911768
1973Q4,0.2404922071491422,-0.003649739151625392,0.0,0.0,-4.4372145580847305e-05,-0.004865203858723611,-0.002317470649361113,1.3054318758479322e-06,0.003576002070164332,0.2404922071491422,0.0177648143419073,0.0,0.1716466084892592
1974Q1,0.2369553831823707,-0.0035368239667715184,0.0,0.0,-0.0019711895767067647,-0.004538533987608782,0.002067524166330204,2.0253582689370533e-05,0.0008851218485244547,0.2369553831823707,0.019160962681958,0.0,0.169325694788591
1974Q2,0.2288720151419294,-0.008083368040441297,0.0,0.0,-0.0011156387508537203,-0.005600041357460463,-0.0005632358624913388,2.9018082672298565e-05,-0.0008334701523080718,0.2288720151419294,0.0196430718875648,0.0,0.1593405731554923
1974Q3,0.2301468052455536,0.0012747901036241904,0.0,0.0,0.0011452572273875227,-0.006710287961421057,0.002163475398587849,-2.275188579054523e-05,0.004699097324860421,0.2301468052455536,0.0205458114159635,0.0,0.1596127244033112
1974Q4,0.2351815583001339,0.005034753054580315,0.0,0.0,0.002315696100873571,-0.006769811726342919,0.000893903476118344,-5.912234067128672e-05,0.008654087544602606,0.2351815583001339,0.0188706609263483,0.0,0.1645955219765965
1975Q1,0.2434169329429323,0.008235374642798388,0.0,0.0,0.0010722044139780719,-0.0053460428866807285,0.002863651394721938,-1.1317346198986855e-05,0.009656879066978093,0.2434169329429323,0.0187610295300584,0.0,0.1753586994992933
1975Q2,0.2501741983094137,0.006757265366481385,0.0,0.0,0.00023416022064981195,-0.0036158136371545104,-0.0017397037150268925,-5.1518565685596675e-06,0.011883774354581536,0.2501741983094137,0.0187456147732274,0.0,0.1797375432317524
1975Q3,0.2541893298709806,0.004015131561566909,0.0,0.0,-0.0019900994692966323,-0.004415961223926672,-0.004283093893361384,6.919972199085764e-05,0.014635086426160739,0.2541893298709806,0.0170678784901334,0.0,0.186276918038156
1975Q4,0.2640054579582264,0.009816128087245801,0.0,0.0,0.003345467932010657,-0.004254784100413695,-0.0034241664035507074,-0.00010106514964868646,0.014250675808848232,0.2640054579582264,0.0148022142872954,0.0,0.1966136366087326
1976Q1,0.268046956665991,0.004041498707764601,0.0,0.0,0.0015501336089146596,-0.0027894426721927616,-0.0059387173003753995,-5.1248236389121854e-05,0.011270773307807225,0.268046956665991,0.0154617967609765,0.0,0.2028578067297377
1976Q2,0.2692281945137265,0.0011812378477354946,0.0,0.0,-0.0005802274298539213,-0.0027001152326630606,-0.001965786788979176,1.0100037589090011e-05,0.006417267261642563,0.2692281945137265,0.0144871437733624,0.0,0.2013138033570655
1976Q3,0.2759480493046066,0.006719854790880109,0.0,0.0,0.0013195874850978101,-0.00348119953014756,-0.0014737755570337252,-2.4286175249310643e-05,0.010379528568212894,0.2759480493046066,0.0157996732674002,0.0,0.2073087601865408
1976Q4,0.2823065823697069,0.006358533065100314,0.0,0.0,0.002766063613384482,-0.004946547955621585,-0.001994010458862396,-6.957116071395671e-05,0.01060259902691377,0.2823065823697069,0.0155257298220054,0.0,0.2139305051562008
1977Q1,0.2778732083304838,-0.004433374039223115,0.0,0.0,-0.0029150733877309244,-0.0045382974586331976,-0.003348814258611122,8.144163441038769e-05,0.006287369431341743,0.2778732083304838,0.013530297971285,0.0,0.2146684581685647
1977Q2,0.2698543563941789,-0.008018851936304916,0.0,0.0,0.0006016811756070147,-0.003922057429250284,-0.005396085193765236,-2.0176651939836363e-05,0.000717786163043424,0.2698543563941789,0.0115019682291385,0.0,0.2046783199061826
1977Q3,0.2698698543715213,1.5497977342404656e-05,0.0,0.0,-0.0015835041121358723,-0.0032841960836449517,-0.004865919230497798,4.782483887521552e-05,0.009701292564745811,0.2698698543715213,0.0140988343962844,0.0,0.205336579696791
1977Q4,0.2761037208851021,0.006233866513580821,0.0,0.0,-0.001532092664584733,-0.0058339043060710565,-5.37791151970267e-06,3.3150503129907785e-05,0.013572090892626405,0.2761037208851021,0.0147467737389512,0.0,0.2098167049397718
1978Q1,0.2756850496649657,-0.0004186712201363907,0.0,0.0,-0.00169667807831004,-0.004010145756743609,-0.0008830960483138454,3.0069337986090158e-05,0.006141179325245014,0.2756850496649657,0.0137550164339283,0.0,0.214412827543627
1978Q2,0.2619661842150973,-0.01371886544986839,0.0,0.0,-0.0016724423526781,-0.005273664212529018,-0.010654600492770986,9.662875999328011e-05,0.003785212848116431,0.2619661842150973,0.0135231402197515,0.0,0.198530386214297
1978Q3,0.2612839882875243,-0.000682195927573015,0.0,0.0,0.00022134558135357112,-0.0044492455373640405,-0.002634721635654024,-5.985523806820146e-06,0.006186411187898299,0.2612839882875243,0.0136903024692981,0.0,0.1977409268187384
1978Q4,0.2585135987862487,-0.0027703895012756163,0.0,0.0,-0.0032024409186157715,-0.005343596688304655,-0.0035119845071834837,0.00010853889579849807,0.009179093717029796,0.2585135987862487,0.0150402773734945,0.0,0.195926520893244
1979Q1,0.253853978255449,-0.004659620530799713,0.0,0.0,0.0014241862240893645,-0.004713410520768003,-0.00046427443122847706,-2.85245635662105e-05,-0.0008775972393263868,0.253853978255449,0.0115027645738756,0.0,0.197656147961102
1979Q2,0.2522754488476012,-0.0015785294078477508,0.0,0.0,0.002461511633012134,-0.006218346075189304,-0.0002709771607604415,-6.292414539035641e-05,0.0025122063404802173,0.2522754488476012,0.0128154514023557,0.0,0.1939992598158338
1979Q3,0.2454331946925379,-0.006842254155063315,0.0,0.0,-0.0031201488456630224,-0.00551691604907364,-0.0018739138598161131,9.140996285629391e-05,0.003577314636633168,0.2454331946925379,0.011494377831468,0.0,0.1880741425232374
1979Q4,0.2446000801062307,-0.0008331145863072209,0.0,0.0,-0.0023251533467137544,-0.004553890315030833,-0.0006136938476638928,4.89559923846762e-05,0.006610666930716583,0.2446000801062307,0.0104611688534346,0.0,0.1876365467973478
1980Q1,0.2390669435760161,-0.0055331365302145885,0.0,0.0,-0.007675862332021287,-0.0051392370198842935,-0.0007694412944948286,0.00018542185793919707,0.007865982258246624,0.2390669435760161,0.0123619903922874,0.0,0.1826626740869196
1980Q2,0.2511485862344103,0.012081642658394176,0.0,0.0,0.014019850344048084,-0.005687127101726775,0.00492581865411611,-4.464619968576819e-05,-0.001132253038357475,0.2511485862344103,0.0110089827808584,0.0,0.1948628560152601
1980Q3,0.2495145253796364,-0.0016340608547738833,0.0,0.0,-0.00822042328433277,-0.00560977050347527,0.00029850202376550944,0.0001738447973551315,0.011723786111913517,0.2495145253796364,0.0110856602332308,0.0,0.1929295570812079
1980Q4,0.248611900559929,-0.0009026248197074038,0.0,0.0,-0.00021454662936231164,-0.006499146384404466,-0.00465325457095807,9.589461898579041e-06,0.010454733303118864,0.248611900559929,0.0091962739281145,0.0,0.1928953290792974
1981Q1,0.2471504759929403,-0.001461424566988695,0.0,0.0,-0.0007538380063399539,-0.006548830999802062,-0.004871356797978271,3.462815570017882e-05,0.010677973081431412,0.2471504759929403,0.010056635189869,0.0,0.1949935439596492
1981Q2,0.2413597712212872,-0.005790704771653082,0.0,0.0,-0.0019098611789042574,-0.004897574193008049,0.001831572136596662,2.3692603780977512e-05,-0.0008385341401184153,0.2413597712212872,0.0082598373708155,0.0,0.1897530206808974
1981Q3,0.234612920469765,-0.006746850751522204,0.0,0.0,-0.004668342070293686,-0.004542976847990508,-0.0028902882685018488,0.0001437730243419589,0.0052109834109218805,0.234612920469765,0.00835948131162,0.0,0.1834319907722759
1981Q4,0.2516320624917322,0.017019142021967193,0.0,0.0,0.007623176745234942,-0.004054066412216839,0.0025563347134051548,-4.866515209018017e-05,0.010942362127634116,0.2516320624917322,0.0088645575585113,0.0,0.198182282589281
1982Q1,0.2612727842453139,0.009640721753581716,0.0,0.0,0.0005123774982242372,-0.0034614968276628975,0.00390946805771152,9.121666605434624e-07,0.008679460858648312,0.2612727842453139,0.008049654552329,0.0,0.2102127415247585
1982Q2,0.2591813496632024,-0.0020914345821115288,0.0,0.0,-7.061620704524961e-05,-0.003393984697304253,-0.0011918666846594192,1.2394533613705268e-06,0.0025637935535360234,0.2591813496632024,0.0060618756700236,0.0,0.2086452107040515
1982Q3,0.2835946769203896,0.0244133272571872,0.0,0.0,0.011692095577617499,-0.0036770994112303884,0.0009907643443070855,-0.00012118497876790739,0.01552875172526091,0.2835946769203896,0.0055651241919222,0.0,0.2328951300558888
1982Q4,0.306935276105263,0.023340599184873412,0.0,0.0,0.00526929461461714,-0.0029400159531522917,-0.00011346279296191472,-5.6734771214567484e-05,0.021181518087585047,0.306935276105263,0.0082176337176614,0.0,0.2526626267684841
1983Q1,0.3135359947118296,0.00660071860656658,0.0,0.0,-0.0018083665310229826,-0.0023191778042556763,-0.004044763633844515,3.7494350105603e-05,0.014735532225584151,0.3135359947118296,0.0068500348216581,0.0,0.2625947447078709
1983Q2,0.3149985693720437,0.0014625746602140999,0.0,0.0,-0.0024914658703339377,-0.0023245670066835773,-0.007134575036158391,7.516562678566496e-05,0.013338016946604341,0.3149985693720437,0.0060038872843998,0.0,0.2641352748146889
1983Q3,0.3153940212713994,0.00039545189935574765,0.0,0.0,-0.001667261915456811,-0.003350765139663719,-0.006296678418992806,5.106313739434617e-05,0.011659094236074738,0.3153940212713994,0.0050870396909447,0.0,0.2637714244822493
1983Q4,0.3165683981842072,0.0011743769128077508,0.0,0.0,-0.001982359726873948,-0.0023890986565997785,-0.006579695282424688,5.6371949701779376e-05,0.012069158629004387,0.3165683981842072,0.0060117964342955,0.0,0.2648426518418028
1984Q1,0.3139045673370941,-0.00266383084711308,0.0,0.0,-0.0032723516721615783,-0.003208352439490223,-0.006188248474134874,9.713219288061613e-05,0.00990798954579298,0.3139045673370941,0.0045459965496894,0.0,0.2665265116602789
1984Q2,0.3079326346935767,-0.005971932643517419,0.0,0.0,-0.007211152460329874,-0.0026847653120382637,-0.005423522532717486,0.00018626712040791584,0.009161240541160288,0.3079326346935767,0.0051665988710597,0.0,0.2596018905621781
1984Q3,0.3234814225377976,0.015548787844220924,0.0,0.0,0.007690178249604411,-0.0027368999842299377,-0.00296850153611296,-0.000142484263548946,0.013706495378508357,0.3234814225377976,0.0049813307216747,0.0,0.2747628083491461
1984Q4,0.3410465485418884,0.01756512600409077,0.0,0.0,0.007600746392509822,-0.0024183816519970374,-0.0026550479976801358,-0.00011920886153185608,0.015157018122789977,0.3410465485418884,0.0053399367634627,0.0,0.2920537797414084
1985Q1,0.3415793415296982,0.0005327929878098381,0.0,0.0,-0.0017172355427697817,-0.003372093388242376,-0.0033046702116133276,3.361880017072067e-05,0.008893173330264603,0.3415793415296982,0.0052236696036658,0.0,0.2945273095536632
1985Q2,0.3570706284007006,0.015491286871002374,0.0,0.0,0.010181332537188734,-0.0021978731909206906,-0.003007515832374418,-0.00015515515778635503,0.010670498514895103,0.3570706284007006,0.0055589355435893,0.0,0.3090186074744225
1985Q3,0.3609564479402057,0.00388581953950512,0.0,0.0,-0.0017231183030617476,-0.002156036392332301,-0.005453437667021918,3.6721093770929447e-05,0.013181690808150156,0.3609564479402057,0.0066087303810796,0.0,0.3114590155451399
1985Q4,0.3868707547590127,0.02591430681880702,0.0,0.0,0.008581090718817276,-0.0020177425792985725,-0.00268352762503044,-0.0001117642484217452,0.022146250552740502,0.3868707547590127,0.0064424829897837,0.0,0.3345563797705449
1986Q1,0.4009042803579676,0.014033525598954877,0.0,0.0,0.014068515994448902,-0.0019242045380940835,-0.0036123965031029577,-0.00020133793869087595,0.005702948584393892,0.4009042803579676,0.0074019043038722,0.0,0.3518716278599275
1986Q2,0.4073981264327861,0.00649384607481851,0.0,0.0,-0.0034629471975481827,-0.0015172799990257296,-0.0018052573626217193,2.869954752040227e-05,0.013250631086493738,0.4073981264327861,0.0069235744740767,0.0,0.3578390175432421
1986Q3,0.412518130100057,0.005120003667270889,0.0,0.0,-0.0030279636540428236,-0.0016699550030694816,-0.003897447657432536,4.137940704595434e-05,0.013673990574769777,0.412518130100057,0.0072691853516387,0.0,0.3618098435456192
1986Q4,0.4258984242404984,0.013380294140441396,0.0,0.0,0.00041625885111302573,-0.0022480335602687953,-0.0022127178769474195,-4.501201602717493e-06,0.017429287928147304,0.4258984242404984,0.0103286501903222,0.0,0.3695873456590663
1987Q1,0.4223087928480126,-0.0035896313924858037,0.0,0.0,-0.002324310534444493,-0.0027243665242333605,-0.0031595058902527374,3.211081764555858e-05,0.004586440738799229,0.4223087928480126,0.0076822959681975,0.0,0.3718640383756911
1987Q2,0.4126812257602743,-0.00962756708773832,0.0,0.0,-0.010506729136911468,-0.0029253330402046634,-0.004553238993049243,0.0001860613181988826,0.008171672764228172,0.4126812257602743,0.0078653228356941,0.0,0.3584774539341179
1987Q3,0.3969860099845329,-0.0156952157757414,0.0,0.0,-0.013049639076279358,-0.0031275546479034837,-0.0035786809037073324,0.0002120618725695824,0.0038485969795791913,0.3969860099845329,0.0079208853211807,0.0,0.3444735497911273
1987Q4,0.4074523651585844,0.010466355174051534,0.0,0.0,0.007664567546603962,-0.0031646888046709637,-0.006816078549744842,-0.00019269763576263094,0.012975252617626009,0.4074523651585844,0.0083007287948028,0.0,0.3537344493623595
1988Q1,0.4121211691159253,0.004668803957340872,0.0,0.0,0.0024870140945993657,-0.0031921069956411265,-0.0021060501363927603,-3.233897404827181e-05,0.007512285968823666,0.4121211691159253,0.0072220211725061,0.0,0.3613178769465357
1988Q2,0.4038076036466799,-0.008313565469245388,0.0,0.0,-0.0035544504943888643,-0.004010189555274112,-0.005415405190072734,8.129359133474454e-05,0.004585186179155577,0.4038076036466799,0.0077036074508924,0.0,0.3510187597928029
1988Q3,0.4031505810800451,-0.0006570225666348017,0.0,0.0,-0.0016125869639281485,-0.004829209903538833,-0.0023661899828398146,2.8734496211162888e-05,0.00812222978746083,0.4031505810800451,0.0070799106918917,0.0,0.350342193159544
1988Q4,0.3992405605768969,-0.003910020503148204,0.0,0.0,-0.003572888128734214,-0.003482218607811012,-0.0053718043338684615,7.846803389224434e-05,0.008438422533373239,0.3992405605768969,0.007617914888187,0.0,0.3456425389790071
1989Q1,0.3948708215717914,-0.004369739005105511,0.0,0.0,-0.0026259873664720335,-0.004162779143927709,-0.00405786089964392,5.407090118183351e-05,0.006422817503756319,0.3948708215717914,0.0066006768333807,0.0,0.3447491886146399
1989Q2,0.4055697115508824,0.01069888997909102,0.0,0.0,0.014186293862097262,-0.004207754676678082,-0.003013257886705278,-0.00025942510970623366,0.0039930337900833494,0.4055697115508824,0.0060688150639033,0.0,0.3534989896592637
1989Q3,0.4028893670554916,-0.002680344495390785,0.0,0.0,-0.004255351438465195,-0.0029598954405215525,-0.0030041993379602973,6.257695920562211e-05,0.0074765247623506375,0.4028893670554916,0.0063247921774987,0.0,0.3530414644188739
1989Q4,0.4189999472790142,0.016110580223522575,0.0,0.0,0.005700773161148729,-0.002869912240724835,-0.0007936157272418429,-5.183790792876797e-05,0.014125172938269292,0.4189999472790142,0.0083755028720757,0.0,0.3658627615321936
1990Q1,0.4134663079220276,-0.005533639356986586,0.0,0.0,-0.010239484883968584,-0.004521425779097716,-0.004579175190795766,0.0002223997083326635,0.013584046788542813,0.4134663079220276,0.0060510487423078,0.0,0.3640914121117353
1990Q2,0.4165676738431429,0.0031013659211153177,0.0,0.0,0.0028627405474509512,-0.004633369233343506,-0.001500758782792665,-4.247121629644238e-05,0.00641522460609698,0.4165676738431429,0.006176481050089,0.0,0.3662902254821621
1990Q3,0.4206814964166942,0.004113822573551307,0.0,0.0,-0.004382409520007624,-0.0035662506211763785,-0.0002773577527823664,4.043584509046777e-05,0.012299404622427207,0.4206814964166942,0.0062785156595483,0.0,0.3699346779014735
1990Q4,0.4450387719154207,0.02435727549872646,0.0,0.0,0.008516535020935592,-0.003133357675747988,0.0038299035136987705,1.4101302465461503e-05,0.015130093337374625,0.4450387719154207,0.0047694044014946,0.0,0.3927568469738787
1991Q1,0.4543508078800657,0.009312035964645027,0.0,0.0,-1.0446780299849221e-05,-0.00435738569455112,0.002082517300279963,5.3399954848289217e-08,0.011597297739261185,0.4543508078800657,0.0045077377999455,0.0,0.403252397858025
1991Q2,0.4525799667105281,-0.0017708411695376292,0.0,0.0,-0.0025934426023648993,-0.0033340387102654702,-0.0035425235288004658,3.925154123048234e-05,0.007659912130662723,0.4525799667105281,0.0052904733287611,0.0,0.4008577310864843
1991Q3,0.4694158190777637,0.016835852367235615,0.0,0.0,0.007276905064412739,-0.003541337481790764,-0.0022871521752032757,-9.371463392674858e-05,0.015481151593743664,0.4694158190777637,0.0046727834974799,0.0,0.4185508167420971
1991Q4,0.4919992529379651,0.022583433860201396,0.0,0.0,0.01213734220310222,-0.0027829771946103624,-0.0016361246372196842,-0.00011426149052380306,0.014979454979453027,0.4919992529379651,0.0052651910595191,0.0,0.4376378792377413
1992Q1,0.4851830129392865,-0.006816239998678586,0.0,0.0,-0.013411962184758371,-0.001827192006842048,-0.005890471928921441,0.00021038450006383353,0.01410300162177944,0.4851830129392865,0.0050049488441329,0.0,0.4338292864077929
1992Q2,0.4928505340096678,0.007667521070381267,0.0,0.0,0.006203880596957221,-0.0029191687205690313,-0.005260855301497412,-0.00010459536084271839,0.009748259856333208,0.4928505340096678,0.0049239942801181,0.0,0.440859910956405
1992Q3,0.5087792982744146,0.01592876426474682,0.0,0.0,0.011486368422012583,-0.0024116456929233485,-0.004869906331252448,-0.00016970376100291292,0.011893651627912945,0.5087792982744146,0.0042131129141976,0.0,0.4543266488909627
1992Q4,0.5020778190885138,-0.006701479185900805,0.0,0.0,-0.010822367988261352,-0.003497599606221286,-0.005305833400667642,0.00018725996101588875,0.012737061848233588,0.5020778190885138,0.0049649720250694,0.0,0.4477904826710202
1993Q1,0.515365351063139,0.013287531974625177,0.0,0.0,0.008274316087171756,-0.0028169618285275567,-0.0008381874002308955,-6.023739530942643e-05,0.0087286025115213,0.515365351063139,0.0051316160779046,0.0,0.4616567245598791
1993Q2,0.523904385103171,0.00853903404003209,0.0,0.0,0.004137317774190263,-0.003069772239469012,-0.0030003073289659368,-4.8730183427015645e-05,0.010520526017703792,0.523904385103171,0.0040717063260516,0.0,0.467033116319591
1993Q3,0.5307888669995691,0.006884481896398009,0.0,0.0,0.0057077581253248575,-0.0031103420928835974,-0.002499835040253183,-6.112095074345915e-05,0.006848021854953391,0.5307888669995691,0.0051517720323075,0.0,0.4749133185839551
1993Q4,0.5221317077997496,-0.008657159199819464,0.0,0.0,-0.011878417479629507,-0.002893548267769035,-0.0072195210744286425,0.00022631834824667435,0.013108009273761045,0.5221317077997496,0.0060020776367751,0.0,0.4648876248300121
1994Q1,0.506438060770819,-0.015693647028930613,0.0,0.0,-0.01569564203466948,-0.0025002445150904503,-0.005066572842415311,0.00022746378894630123,0.007341348574298329,0.506438060770819,0.005105505440682,0.0,0.4505700953334985
1994Q2,0.4879999547394615,-0.018438106031357482,0.0,0.0,-0.009599172253888521,-0.0024446800990350227,-0.006863160635555048,0.00017642348283835495,0.00029248347428275506,0.4879999547394615,0.0042589062873649,0.0,0.43208635489975
1994Q3,0.4837219643776663,-0.004277990361795214,0.0,0.0,-0.003990497138331713,-0.0027997916683592684,-0.0028527723654382226,4.622242355155211e-05,0.005318848386782439,0.4837219643776663,0.003369355790249,0.0,0.4285728900604618
1994Q4,0.4809443981238552,-0.0027775662538110923,0.0,0.0,-0.00447150525124002,-0.0026196056911397194,-0.00554137446190176,7.543975319900815e-05,0.009779479397271399,0.4809443981238552,0.0041109075866686,0.0,0.4229749407400492
1995Q1,0.4935901824564305,0.012645784332575294,0.0,0.0,0.008441855058087899,-0.002612364984589307,-0.0017062969766587731,-7.58040190590705e-05,0.008598395254794545,0.4935901824564305,0.0040609979223079,0.0,0.4371807570807237
1995Q2,0.5042831437606425,0.010692961304212045,0.0,0.0,0.013113809153727677,-0.0023694586800035626,-0.001472492280359996,-0.00010207377185148081,0.0015231768826994077,0.5042831437606425,0.0033640693961493,0.0,0.4475796521222736
1995Q3,0.5024281135605629,-0.0018550302000795993,0.0,0.0,0.000194389946924545,-0.0024847486827701474,-0.0042900653074615025,-2.611540259235568e-06,0.004728005383486741,0.5024281135605629,0.0035492068656959,0.0,0.4463548360855772
1995Q4,0.5089536481165985,0.0065255345560355504,0.0,0.0,0.008754833658897912,-0.0024185436763049842,-0.003411899138637221,-0.00010159574200734404,0.003702739454087188,0.5089536481165985,0.0033175573740837,0.0,0.4518058725886081
1996Q1,0.5016445386827525,-0.007309109433845995,0.0,0.0,-0.012531957021066223,-0.0024457674975865607,-0.003812317925330975,0.00015409273092821337,0.011326840279209553,0.5016445386827525,0.0039364714961031,0.0,0.4457665710783853
1996Q2,0.4838265171471111,-0.017818021535641382,0.0,0.0,-0.0030689611324408368,-0.002080713764002146,-0.008367150495418708,6.391794758371361e-05,-0.0043651140913634045,0.4838265171471111,0.002622609189278,0.0,0.4290885913325797
1996Q3,0.482581737381767,-0.001244779765344095,0.0,0.0,-0.0015460024155832513,-0.0015860133081055218,-0.0043400871073491585,1.8936055037463234e-05,0.0062083870106563735,0.482581737381767,0.003075482130524,0.0,0.427318368479358
1996Q4,0.4862766776463899,0.003694940264622859,0.0,0.0,0.005838310476950063,-0.0025737315556835366,-0.005010981719248302,-9.176043672507578e-05,0.0055331034993297105,0.4862766776463899,0.0025315471821192,0.0,0.4299756010184786
1997Q1,0.476352785090381,-0.009923892556008895,0.0,0.0,-0.010029034256301137,-0.002905682982365802,-0.003138639742235677,0.00012465890808205347,0.0060248055168116675,0.476352785090381,0.0030363562768044,0.0,0.4212657343869859
1997Q2,0.463099781953497,-0.01325300313688399,0.0,0.0,0.004851634385294218,-0.0009454593488936667,-0.007932311513674378,-9.041974714900852e-05,-0.009136446912461155,0.463099781953497,0.0018488465251956,0.0,0.4074153419045466
1997Q3,0.4615496588121446,-0.0015501231413523886,0.0,0.0,0.004921160611567915,-0.0020221528317566875,-0.005782120201208169,-8.293262607410372e-05,0.0014159219061186563,0.4615496588121446,0.00244550765957,0.0,0.4069227779443259
1997Q4,0.4650509068827675,0.0035012480706229088,0.0,0.0,0.004555491279707153,-0.0015348665666475132,-0.003940989175584892,-5.4046650466330474e-05,0.004475659183614491,0.4650509068827675,0.0035179474297411,0.0,0.4071911782773876
1998Q1,0.4628465862439209,-0.002204320638846624,0.0,0.0,-0.00014281137569637425,-0.0006605931527571002,-0.004667963043613111,1.6363336349130066e-06,0.003265410599585048,0.4628465862439209,0.002660582328049,0.0,0.4076589582337072
1998Q2,0.449570492833706,-0.013276093410214906,0.0,0.0,0.0031613383188358398,-0.0010942156450447688,-0.004284514751836576,-3.673784579106082e-05,-0.01102196348637834,0.449570492833706,0.0014114185994424,0.0,0.3934691676944789
1998Q3,0.4513009783801225,0.001730485546416527,0.0,0.0,0.01201837724361527,-0.0019021550605178821,-0.005659823982484753,-0.00020215454149197365,-0.002523758112704135,0.4513009783801225,0.0028183013512519,0.0,0.3952265829428193
1998Q4,0.4417616716004997,-0.009539306779622836,0.0,0.0,-0.0051770031085508665,-0.0012719036896913672,-0.007262319868793509,9.789852893722468e-05,0.004074021358475682,0.4417616716004997,0.0020369075029231,0.0,0.3843235914474202
1999Q1,0.4278167281894989,-0.013944943411000776,0.0,0.0,-0.008330862227759259,-0.001435899433615474,-0.004150058231932301,0.00010534151492404308,-0.0001334650326177845,0.4278167281894989,0.0023950022960826,0.0,0.3713470132118786
1999Q2,0.4053192192907777,-0.022497508898721208,0.0,0.0,-0.0054283583039611534,-0.0016160700946009697,-0.0035711697458995144,6.58183624141654e-05,-0.011947729116673736,0.4053192192907777,0.0023257937836768,0.0,0.3479033109704699
1999Q3,0.3950667652493241,-0.010252454041453585,0.0,0.0,-0.002275985767763842,-0.0014339190692184353,-0.005374059554540159,3.8228787872501426e-05,-0.00120671843780365,0.3950667652493241,0.0017545841038974,0.0,0.3378266075308369
1999Q4,0.3976294748099754,0.0025627095606512995,0.0,0.0,-0.005966039159829365,-0.0021917327566500933,-0.006481730387416032,0.0001309809513745823,0.017071230913172208,0.3976294748099754,0.001689769134244,0.0,0.3314589882253525
2000Q1,0.3839130453474187,-0.01371642946255669,0.0,0.0,0.004617772364921875,-0.0026436431316369806,-0.001442573525763915,-4.7454274778414686e-05,-0.014200530895299254,0.3839130453474187,0.001276821780534,0.0,0.3273786641890732
2000Q2,0.3565921980694242,-0.027320847277994498,0.0,0.0,0.00015936649767024866,-0.002391765860900934,-0.0069921615079489964,-3.895370728578083e-06,-0.018092391036086237,0.3565921980694242,0.0019232570757202,0.0,0.3000862630907168
2000Q3,0.3495705874058032,-0.007021610663621003,0.0,0.0,0.002120821478999671,-0.0020848744068041555,-0.00036348365023619703,-1.4561536634186703e-05,-0.0066795125489461345,0.3495705874058032,0.0012625306922306,0.0,0.2940929903718345
2000Q4,0.3509479534952179,0.0013773660894146889,0.0,0.0,0.006710264015876859,-0.0018833795905143415,-0.0020870720149673535,-7.62157329447049e-05,-0.0012862305880357704,0.3509479534952179,0.0023752019980559,0.0,0.29287801617211
2001Q1,0.3510149871573989,6.703366218102635e-05,0.0,0.0,0.0020865555305196724,-0.002320926100674722,0.001150403206994854,-6.95932543011937e-06,-0.0008420396492286585,0.3510149871573989,0.0010725646836254,0.0,0.2952561409581126
2001Q2,0.328136994056043,-0.02287799310135591,0.0,0.0,-0.003248089252119391,-0.002111168138195705,-0.0021920988803929634,3.98199389298728e-05,-0.015366456769577723,0.328136994056043,0.0015535427870553,0.0,0.2715916595905274
2001Q3,0.3428095059265787,0.014672511870535698,0.0,0.0,0.006081734828733264,-0.0012901731918289205,0.0013146454125303306,4.5357140362782057e-07,0.008565851249697396,0.3428095059265787,0.0019368712268895,0.0,0.2839775731693278
2001Q4,0.3411681385380469,-0.0016413673885318225,0.0,0.0,-0.004863653007871959,-0.0010759063331475974,-0.0009419563552132455,2.862868083891689e-05,0.0052115196268620635,0.3411681385380469,0.0024174367628428,0.0,0.2803723852571159
2002Q1,0.3368126304075671,-0.0043555081304798016,0.0,0.0,-0.004189932886785963,-0.001071966420959991,-0.002853389259652204,4.8207833618364016e-05,0.003711572603299993,0.3368126304075671,0.0016783975518152,0.0,0.2771270923169657
2002Q2,0.3406133294634378,0.0038006990558707154,0.0,0.0,0.005137327968298517,-0.0011761753657587254,-0.002063673162270307,-4.94166873610224e-05,0.0019526363029622532,0.3406133294634378,0.002443453293973,0.0,0.2791100954676297
2002Q3,0.3537983292122024,0.013184999748764581,0.0,0.0,0.009903791672106381,-0.0016331922583153347,-0.0013846321164919697,-8.77473114695133e-05,0.006386779762935018,0.3537983292122024,0.0018167268145418,0.0,0.2932800681716381
2002Q4,0.3625976851281384,0.008799355915936002,0.0,0.0,-0.0024526353684118816,-0.0020531059685942508,-0.00043731261075068535,1.7264323162441878e-05,0.013725145540530378,0.3625976851281384,0.0011917985671476,0.001843884060953,0.2980626470367808
2003Q1,0.3625756423610287,-2.2042767109708983e-05,0.0,0.0,-0.0011000885686887193,-0.0017727442714145902,-0.0019095916494419052,1.1171874004585917e-05,0.00474920984843092,0.3625756423610287,0.0008508940607361,0.0016315365609256,0.2992448001987448
2003Q2,0.3728866132296911,0.010310970868662395,0.0,0.0,0.0020856863928434225,-0.0012755894873872427,-0.0032110484693023108,-2.5809013741095233e-05,0.012737731446249621,0.3728866132296911,0.0018126424607386,0.0019086402034657,0.3086778246805423
2003Q3,0.369336236733324,-0.0035503764963670803,0.0,0.0,-0.004856976145290984,-0.002133418782846726,-0.006201849990787073,0.00010856973718493534,0.009533298685372766,0.369336236733324,0.001151498326787,0.0016254463579791,0.306847200347827
2003Q4,0.3698581764514704,0.0005219397181464025,0.0,0.0,-0.00366004874512146,-0.0022494529055017377,-0.004286964730982812,6.477460045513727e-05,0.010653631499297276,0.3698581764514704,0.0009389891502326,0.0021790256632683,0.3058213080032217
2004Q1,0.3784026548698543,0.008544478418383905,0.0,0.0,0.0029566829133363124,-0.0026391559622627116,-0.0020958067344407794,-3.7851761004572435e-05,0.010360609962755656,0.3784026548698543,0.001225903885009,0.0018200273796662,0.3161669607790431
2004Q2,0.3677383003042644,-0.010664354565589895,0.0,0.0,-0.008924978069334967,-0.0030536246879244405,-0.0029324401670158006,0.00014118689936341307,0.004105501459321899,0.3677383003042644,0.0015900515280717,0.0015874096979108,0.3049415020373051
2004Q3,0.3739210244815509,0.006182724177286492,0.0,0.0,0.0032553117488145944,-0.0023326543965307253,-0.0034883430434378415,-5.1528930602199804e-05,0.008799938799042664,0.3739210244815509,0.0011956629769578,0.0019777645531314,0.3116785302471527
2004Q4,0.3745295641951993,0.0006085397136483817,0.0,0.0,-0.0016017465503727199,-0.0028990145486379013,-0.003814772686383547,2.8759510269694913e-05,0.008895313988772855,0.3745295641951993,0.0005579053730542,0.0023898370379878,0.3116574842578725
2005Q1,0.3771045780598946,0.0025750138646953302,0.0,0.0,-0.0036611814489838543,-0.0029938376952518726,-0.004154893735810868,6.988180747604167e-05,0.013315044937265885,0.3771045780598946,0.0013684192552747,0.0018556018875115,0.3157679713605538
2005Q2,0.3738248545809778,-0.0032797234789168073,0.0,0.0,0.005370111119220885,-0.0027143966749576484,-0.0018577093717338617,-6.510851086961738e-05,-0.004012620040576565,0.3738248545809778,0.0008964875332129,0.0018755432319795,0.3131322229733578
2005Q3,0.3686382844484389,-0.005186570132538926,0.0,0.0,-0.004881540482077316,-0.003408541269990909,-0.0029300916746821753,8.277216707576593e-05,0.005950831127135708,0.3686382844484389,0.0015191009539786,0.0018117361790726,0.3080050419086208
2005Q4,0.3719386163706289,0.0033003319221900362,0.0,0.0,-0.0016014237961675842,-0.0030292994387385386,-0.002047846641599405,2.2055936381749813e-05,0.009956845862313815,0.3719386163706289,0.0006583507727741,0.0022794607467733,0.3104200446045407
2006Q1,0.3688713861738519,-0.0030672301967770155,0.0,0.0,-0.005336281438450067,-0.002635115120039947,-0.005004001773387335,0.00010960001433119654,0.009798568120769135,0.3688713861738519,0.0007385014956806,0.0016485577050347,0.3096147114968866
2006Q2,0.3570219314114071,-0.011849454762444811,0.0,0.0,-0.0025160221600701235,-0.003220460656623866,-0.0009544649054691471,2.8476606276851537e-05,-0.0051869836465585255,0.3570219314114071,0.0005470637711743,0.0022103586714115,0.297765850889204
2006Q3,0.3624528376976578,0.005430906286250703,0.0,0.0,0.00495976892385116,-0.0024941566940116606,-0.0005353755419556555,-4.2086433677491254e-05,0.00354275603204435,0.3624528376976578,0.001097173304356,0.0022686065971131,0.3033484477643706
2006Q4,0.3618102704073347,-0.0006425672903230817,0.0,0.0,-0.0011262888134767068,-0.001295884322875971,-0.003115100190904613,1.370672815213047e-05,0.004880999308782079,0.3618102704073347,0.000409628221967,0.0022882483496633,0.3020322574211727
2007Q1,0.3688250365741252,0.007014766166790476,0.0,0.0,0.0007944112716763472,-0.0034401212451139695,-0.0010884543391894044,-9.943198916820937e-06,0.010758873678334323,0.3688250365741252,0.000791451619064,0.0026479969155123,0.3099330449235142
2007Q2,0.35168949878219,-0.017135537791935163,0.0,0.0,-0.0037497760100488565,-0.002564397690492793,-0.0022563312653203107,4.901146071146086e-05,-0.008614044286784662,0.35168949878219,0.0006713612656836,0.0020923363719217,0.2939227814422943
2007Q3,0.3625527040190627,0.010863205236872675,0.0,0.0,0.005362092971241053,-0.0019222911875968437,-0.0020258222346721793,-6.0195573949515e-05,0.00950942126185016,0.3625527040190627,0.0019045438868693,0.0024245891460498,0.3038426565784936
2007Q4,0.3729886759535708,0.010435971934508126,0.0,0.0,0.006282461538119403,-0.001468756481968199,-0.0022776892588277425,-6.49199440806383e-05,0.007964876081265303,0.3729886759535708,0.0002884800046319,0.0027551369488315,0.3149834679550702
2008Q1,0.40365400748973,0.03066533153615919,0.0,0.0,0.00599742910124028,-0.001380597906234393,0.0015917825899652012,3.3957201641720475e-06,0.02445332203102393,0.40365400748973,0.0010070351023469,0.0027757722449702,0.345642189888606
2008Q2,0.3969826919026557,-0.006671315587074289,0.0,0.0,-0.007557175532740616,-0.001955513315789477,-0.002403470040534357,8.160851064725814e-05,0.005163234791342902,0.3969826919026557,0.0004576978912733,0.0028285918033734,0.3396476224027377
2008Q3,0.4530482886803334,0.056065596777677695,0.0,0.0,-0.0019026620133908143,-0.0029907857410433115,0.0020851835483773006,4.340377871314247e-06,0.05886952060586321,0.4530482886803334,0.0059010675817885,0.0060858450960363,0.3745150932623057
2008Q4,0.5848746644204196,0.13182637574008615,-1.4715879256329507e-05,0.0,0.011960124920951548,-0.0010967582639802328,0.009917347528755482,0.000232570234540431,0.11082780719907526,0.5848746644204196,0.0584236805934495,0.0060481062394438,0.4346049539680052
2009Q1,0.6099503714260355,0.0250757070056159,0.0,0.0,-0.0050445974261132676,0.00046202280150109995,0.00663759223899321,-6.12348284827197e-05,0.023081924219717578,0.6099503714260355,0.0565443542553832,0.0046031079692731,0.4697419468304892
2009Q2,0.6078565645003966,-0.0020938069256388747,0.0,0.0,-0.012174339676555835,0.0010126458850460945,0.0010896821369550424,-4.196153761091242e-05,0.008020166266526735,0.6078565645003966,0.0513806120857363,0.0050024212105273,0.4704672115804232
2009Q3,0.6335236243378087,0.02566705983741213,0.0,0.0,0.0022449032806162936,-0.0007220342467139486,-0.002134746028097706,-1.0550507776774066e-05,0.026289487339384267,0.6335236243378087,0.0583272181383533,0.0047694347562669,0.489027455549848
2009Q4,0.6431463853635598,0.009622761025751103,0.0,0.0,-0.006358421667838198,-0.0020043458810023907,-0.006847843336627799,8.884586078067162e-05,0.024744526050438823,0.6431463853635598,0.069595830049129,0.0048084637698806,0.4943947099663653
2010Q1,0.675201796019413,0.032055410655853156,0.0,0.0,-0.0005862781055641132,-0.001847268314928754,-0.0031160503506340413,4.524452178818123e-06,0.037600482974801244,0.675201796019413,0.0709754060233345,0.0039124636546444,0.5226551869639632
2010Q2,0.7033975110548774,0.028195715035464364,0.0,0.0,0.012612102963396462,-0.0032988092599448003,-0.006533158848879863,-0.00018365145776028387,0.02559923163865285,0.7033975110548774,0.0645793729975105,0.0044874588731934,0.5517151881821549
2010Q3,0.7249260159707774,0.021528504915900082,0.0,0.0,0.005954159159142138,-0.002138392585384304,-0.005423792248275921,-6.40128112238244e-05,0.023200543401641995,0.7249260159707774,0.0646737719388197,0.0044493295856906,0.5770259391886211
2010Q4,0.721783613130854,-0.003142402839923397,0.0,0.0,-0.014698091679263251,-0.004208533861368334,-0.0038066608932661224,0.00016251046966910915,0.0194083731243052,0.721783613130854,0.0663521463149464,0.0038698912843119,0.567537460790619
2011Q1,0.7252418117235424,0.0034581985926883663,0.0,0.0,-0.003949322652301702,-0.0036943192110526412,0.0017121060768766662,1.0845908787724031e-05,0.00937888847037832,0.7252418117235424,0.0945849512111007,0.0042869571652133,0.5580711343972243
2011Q2,0.7243585741986441,-0.0008832375248982727,0.0,0.0,0.0058730180302969445,-0.004796255616186333,-0.004906857680595989,-7.857594311418371e-05,0.003025433684701289,0.7243585741986441,0.1038527216984512,0.004281332670932,0.5438520835461187
2011Q3,0.7624904806902862,0.03813190649164211,0.0,0.0,0.02014938649499234,-0.004362363574549036,0.0001616242157541073,-0.00011685141022693751,0.022300110765671635,0.7624904806902862,0.1024038096949695,0.0052924778625329,0.583875692754453
2011Q4,0.77842996804195,0.015939487351663728,0.0,0.0,-0.0007476722636150953,-0.0009046047106452434,-0.008563142151261773,9.283750954068683e-06,0.02614562272623177,0.77842996804195,0.0986433290279053,0.0055973078081856,0.5973706148851625
2012Q1,0.7813652192335325,0.002935251191582555,0.0,0.0,-0.009641101875240218,-0.004569790539138607,-0.006527842251908142,0.00013744769947849982,0.023536538158391025,0.7813652192335325,0.0970242243680152,0.005179414399515,0.6058820179845358
2012Q2,0.7940933392417735,0.012728120008240973,0.0,0.0,0.0073122038260248845,-0.0032259552958357374,-0.003487504467890014,-6.282617265500219e-05,0.012192202118596842,0.7940933392417735,0.0917110830536734,0.0051666814235599,0.621011204029835
2012Q3,0.7996347340853628,0.005541394843589287,0.0,0.0,-0.0009865243811723043,-0.004359064473218347,-0.0011437167333847662,6.836259109985931e-06,0.01202386417225472,0.7996347340853628,0.0898841963710973,0.0054864288156143,0.6313657963787095
2012Q4,0.8155486122297365,0.015913878144373728,0.0,0.0,-0.005099141975260969,-0.004006005925601955,-0.0009247020345565399,3.1442330923951044e-05,0.025912285748869238,0.8155486122297365,0.0931053542349192,0.0060810263124223,0.6420603518095366
2013Q1,0.8306227408013329,0.015074128571596401,0.0,0.0,-0.00400600441653268,-0.003240130290905746,-0.008045881802946062,5.54373014864203e-05,0.030310707780494467,0.8306227408013329,0.1096244988904561,0.0055586226225567,0.6418596040686467
2013Q2,0.8186694065918994,-0.011953334209433564,0.0,0.0,-0.015422639536746779,-0.001788881754150024,-0.00222304825960336,7.44917607108629e-05,0.0074067435803557395,0.8186694065918994,0.120314060472984,0.0053018506473341,0.6143100172775066
2013Q3,0.8171466860128915,-0.001522720579007819,0.0,-5.301320515289339e-07,-0.0021723892652067934,-0.004012702970030596,-0.006970098679784776,2.915064682882541e-05,0.01160384982123705,0.8171466860128915,0.1357367489808403,0.006084739280368,0.6004776027705349
2013Q4,0.8299025315394534,0.012755845526561838,0.0,-1.2165828812093209e-06,-0.0067745531236706935,-0.004321432265585845,-0.0071234088487215075,9.490047386351398e-05,0.03088155587355758,0.8299025315394534,0.1421949599907571,0.0087954554092249,0.5988999895823753
2014Q1,0.8544414101745541,0.024538878635100736,0.0,-1.75821197585547e-06,0.004021312530091843,-0.0031482480290199585,0.002863960318119244,-1.3769206051445248e-06,0.02080498894849061,0.8544414101745541,0.1514534851390618,0.0114954741096787,0.6123014549936742
2014Q2,0.843117514975631,-0.011323895198923073,0.0,0.0,0.004001347758182909,-0.004834710447181603,-0.011038034106079057,-7.433203737331102e-05,0.0006218336335279892,0.843117514975631,0.149641810072113,0.012708370151038,0.597356806869626
2014Q3,0.8418466622204551,-0.0012708527551759108,0.0,6.354185075521122e-06,-0.002172034934407666,-0.0034659455614071072,-0.010247177847459025,3.522432739480659e-05,0.01457272707562756,0.8418466622204551,0.151673743742889,0.0147001038180369,0.5949429539994657
2014Q4,0.8562060856699429,0.014359423449487818,0.0,-7.3463787196601725e-06,0.004318912290720443,-0.0008355279818579314,-0.004257497526943969,-2.6084221935122806e-05,0.01516696726822406,0.8562060856699429,0.1324282255513297,0.0284490822587122,0.6086451494547338
2015Q1,0.8572312868525266,0.001025201182583646,0.0,0.0,0.00544089398414277,0.0004686840030209326,-0.0077100071784613035,-4.6016107993041147e-05,0.0028716464818742873,0.8572312868525266,0.1511872106270609,0.0154293021134968,0.6127595554556367
2015Q2,0.8367729119507026,-0.020458374901824006,0.0,0.0,-0.0103836400470557,-0.004925343813514755,-0.005309734196053,0.00012397746971544012,3.6365685084006893e-05,0.8367729119507026,0.1360689340307314,0.0158246598711363,0.5944052730601194
2015Q3,0.8371515201044541,0.00037860815375156953,0.0,0.0,0.0038021096788816433,-0.0022182112641489344,-0.0033491422539841296,-2.5296813979915927e-05,0.002169148806982906,0.8371515201044541,0.1191295029365063,0.0348208696171824,0.5969689852407608
2015Q4,0.8614421660000275,0.024290645895573393,-0.0002963420471057423,-6.946806906169924e-05,-0.006803042880191497,1.715773280405173e-05,-0.0015443698114658109,1.307810906778722e-05,0.032973632861526304,0.8614421660000275,0.1192121619336723,0.0269743485211862,0.6208741491858726
2016Q1,0.8836002360234808,0.02215807002345327,0.0,0.0,0.012514591989903115,0.0007503774721513882,-0.004992224523824479,-6.162338834858069e-05,0.013946948473571827,0.8836002360234808,0.1254707488452627,0.0199053988151652,0.6444641681474287
2016Q2,0.8807494536803282,-0.0028507823431526136,0.0,0.0,0.006958198305238849,-0.006008728116882459,-0.0028374530266474032,-6.966213920195198e-05,-0.000893137365659648,0.8807494536803282,0.1169416397518441,0.0215223713749421,0.6448317742554899
2016Q3,0.8805689809192786,-0.0001804727610495993,0.0,0.0,-0.0038619759907953036,-0.0022521430828935205,-0.006247950796066561,3.72718465425977e-05,0.012144325262163188,0.8805689809192786,0.1098238677279105,0.0271812839137324,0.6476649450614073
2016Q4,0.8652764269500485,-0.015292553969230127,-0.00027251580081370065,-6.761513411376338e-05,-0.020205697165529703,-0.004259230107891133,-0.004880986048373989,0.00021326359889669956,0.014180226688595463,0.8652764269500485,0.1010253485067849,0.0299068129750155,0.635112331312611
2017Q1,0.8548014991748556,-0.010474927775192877,-0.0002500627438286645,-7.421045403230387e-05,0.0009653328028573717,-0.004410121950355272,-0.004212946212618902,-6.3885950180085115e-06,-0.0024865306221970983,0.8548014991748556,0.1165715310623692,0.0263014308716733,0.6264443661137576
2017Q2,0.8483594176379587,-0.006442081536896849,-0.00028783094089472193,-6.510255166255482e-05,0.0013357989638617823,-0.0022361242558150865,-0.004785799056104084,-8.073928241931825e-06,-0.00039494976804025153,0.8483594176379587,0.1076185471649702,0.0257150839507502,0.6224508572949254
2017Q3,0.8525372667673372,0.004177849129378464,0.0,0.0,-0.0003354466226658126,-0.0043588562150591315,-0.006689518721908647,4.368596589485924e-06,0.01555730209242257,0.8525372667673372,0.109276445797187,0.0228800382444605,0.6299626839428729
2017Q4,0.8434335112566357,-0.009103755510701528,-0.00026915380738221545,-5.649392159125719e-05,-0.0019090458818021088,-0.005243135683479635,-0.009608492507052285,3.892948721507752e-05,0.007943636803390896,0.8434335112566357,0.1070159338886501,0.0190654351804581,0.6253204058394114
2018Q1,0.8530571369831753,0.00962362572653963,-0.00026293841250282204,-4.695919995186401e-05,-0.007789575894192683,-0.005364671661627442,-0.006860570852381159,0.00011739873568341422,0.029830943011512186,0.8530571369831753,0.102445077943334,0.0123798789136906,0.6409014945628447
2018Q2,0.8406905833366252,-0.012366553646550149,-0.0002009712171522233,-3.0417392908330275e-05,-0.002215044867614346,-0.0060308420238509505,-0.00452824175031214,3.028178877916813e-05,0.0006086818165086712,0.8406905833366252,0.092502803322267,0.0124557580320473,0.6354043008395353
2018Q3,0.8375580180216511,-0.0031325653149740784,-0.0002262788730975156,-3.0528818705998174e-05,-0.005408974559806389,-0.0036299105824728617,-0.005243365523106184,5.980089615502867e-05,0.011346692146059842,0.8375580180216511,0.0864625462515656,0.0108301767256283,0.639962151535214
2018Q4,0.8545020708414577,0.0169440528198066,-0.00016887216064758907,-2.647964969591103e-05,0.0076419098541367,-0.0036090024466067525,-0.0011863525142677919,-4.263452595330642e-05,0.01433548426284125,0.8545020708414577,0.0775415536512398,0.0114463278132605,0.6636527519751417
2019Q1,0.8576890027203958,0.0031869318789381484,0.0,0.0,0.008560480887460548,-0.002563033419951696,-0.0053348109431439325,-7.912133630740168e-05,0.0026034166908806304,0.8576890027203958,0.0755281234605619,0.0111921227468267,0.6742501752590994
2019Q2,0.853473490182244,-0.004215512538151778,3.689698263831278e-05,0.0,0.0110148691889622,-0.004432544203436463,-0.007162954032433942,-0.00014941398891623976,-0.0035223664849656456,0.853473490182244,0.0688765579450142,0.0124404281852973,0.6783644293202458
2019Q3,0.8801578911291016,0.026684400946857534,0.0003721228572667754,6.727861850455609e-05,0.007971399225996696,-0.002711735300303593,-0.009985655680644799,-0.0001251301021082442,0.031096121328146143,0.8801578911291016,0.0645596087477678,0.013154768905292,0.7057180698167363
2019Q4,0.8853369838794485,0.005179092750346892,0.00015893552128943962,3.241687753891179e-05,-0.006371052978153373,-0.0027369774716469466,-0.006001601876831881,6.135467784421794e-05,0.020036018000306525,0.8853369838794485,0.0740010120736739,0.0113921696722342,0.698483947885985
2020Q1,0.97300841443607,0.08767143055662152,0.0010719427323359365,0.0001651864602473954,0.03452626415612008,-0.004370946875902037,0.01165388258944609,0.0002941958817934818,0.04433090561258057,0.97300841443607,0.1078284187043329,0.0165100487613624,0.7333375691075606
2020Q2,1.2304889370398635,0.2574805226037935,0.0,0.0,-0.009043931959337191,0.0038723200285081406,0.07664177593026766,-0.0007483635237016305,0.1867587221280565,1.2304889370398635,0.1470427642187539,0.0110411257156236,0.8777304629940509
2020Q3,1.138517045869676,-0.09197189117018745,0.0,0.0,-0.002353517453716834,-0.011268170624239352,-0.09551398650896582,0.00020423887041447675,0.016959544546320093,1.138517045869676,0.1262647123951888,0.0094558085058829,0.8153494144999015
2020Q4,1.1462637192753695,0.0077466734056934605,0.0,0.0,-0.007069662701213001,-0.007096050242320344,-0.012905262749752832,0.00012419887514932546,0.03469345022383031,1.1462637192753695,0.142156355540059,0.0094970562082223,0.8148037140130284
2021Q1,1.109691179499364,-0.0365725397760055,0.0,0.0,-0.023713543692378523,-0.01459940517913543,-0.01599973767772036,0.0006330254538144953,0.017107121319414317,1.109691179499364,0.1617689974037816,0.015527611964943,0.772573395354366
2021Q2,1.1014108009852002,-0.008280378514163855,-8.076335367140674e-05,-7.759926019463409e-06,0.005638652915970984,-0.017277197379338825,-0.018885737409148232,-0.00018086921822249393,0.022513295856265582,1.1014108009852002,0.1496791562988801,0.0537991844318411,0.7584977488601297
2021Q3,1.080093982248176,-0.021316818737024068,0.0,0.0,-0.0005831408648859051,-0.01693578635573717,-0.009087221420465728,1.3777855862656916e-05,0.005275552048202077,1.080093982248176,0.1704866721529573,0.0709477676036252,0.72978998455491
2021Q4,1.0812049993361772,0.0011110170880010983,0.0,0.0,-0.002552469282312767,-0.018586051777675396,-0.018531768263753863,8.77165293384555e-05,0.040693589882404665,1.0812049993361772,0.1625644519969248,0.077370034394738,0.7301963439404198
2022Q1,1.0650545211924016,-0.01615047814377557,-0.0004047919621437367,-0.00019284654634777834,-0.02915122263696818,-0.021835460344423557,0.0027548954948076005,0.0005249930167143756,0.032153954834585705,1.0650545211924016,0.1488467572709529,0.0805802376937896,0.7135783124089343
2022Q2,1.0144136660652696,-0.05064085512713201,-0.0018303831440107047,-0.0009918788490126773,-0.02390514246627152,-0.02407164206297991,-0.0016673109244202992,0.0006459156720754833,0.0011795866474876154,1.0144136660652696,0.1186324789401032,0.094746536574838,0.6747845389936434
2022Q3,0.982208153279911,-0.03220551278535866,-0.0017251451130407928,-0.0013791344479598029,-0.023833958770212202,-0.011227414097606733,-0.007323047736490424,0.0004926163544102168,0.012790571025541077,0.982208153279911,0.1098143726580028,0.0972119251876755,0.6562500189852001
2022Q4,0.9706080718101492,-0.01160008146976177,-0.0013148272588362454,-0.001165051835902158,0.0019870185612884087,-0.009349176581446355,-0.006779597374940093,8.093229637214814e-06,0.00501345979043746,0.9706080718101492,0.1066156283892716,0.0940901546564555,0.6614815090961645
2023Q1,0.9847194795405988,0.01411140773044961,-0.0005081774470413263,-0.00044890340962049324,0.014173904817780367,-0.009078954368318458,-0.007025755228956456,-0.0002192987240412657,0.01721859209064724,0.9847194795405988,0.1191521522408022,0.0922959467061884,0.6766607468389056
2023Q2,0.987823322192167,0.003103842651568156,-0.0002832908992886462,-0.00021964765993858493,-0.0091401328144105,-0.005131115288154232,-0.0061827774840903125,0.00011079366030957054,0.023950013137140864,0.987823322192167,0.1097155294514363,0.0785562117504274,0.696006600785941
2023Q3,0.9748072014675432,-0.01301612072462377,-0.0002602360755489545,-0.00018650572590315953,-0.012265468301794072,-0.008053612059211127,-0.011395589495069698,0.00025029003764531754,0.018895000895257925,0.9748072014675432,0.1070769499663651,0.0593688093760816,0.7002318018057873
2023Q4,1.001871521756898,0.027064320289354904,0.0,0.0,0.022698653270110006,-0.0038940261965321886,-0.00822792984919037,-0.0002822630739936439,0.016769886138961097,1.001871521756898,0.1146279145110217,0.0389417311536491,0.7402922005710381
2024Q1,1.004225440058152,0.0023539183012539766,0.0,0.0,-0.004622985742215282,-0.007866889547282803,-0.0021025410284463337,4.60024408406971e-05,0.016900332178357697,1.004225440058152,0.114758308621719,0.0288704878548396,0.7527371746312834
2024Q2,0.9861690155003044,-0.018056424557847617,0.0,0.0,-0.0026784583523015823,-0.006402871773571081,-0.008892278627800317,4.0795046319370084e-05,-0.00012361085049400825,0.9861690155003044,0.1064059328305163,0.0286644944218682,0.7468270195770109
2024Q3,1.0159143456527575,0.029745330152453064,0.0005071779448546829,0.0001367580840737953,0.021661799625427386,-0.004167898960585942,-0.008133705296432524,-0.00027824473124654566,0.020019443486362212,1.0159143456527575,0.1014791600744424,0.0269434806036313,0.7837443527413431
2024Q4,1.001022516682771,-0.01489182896998642,0.0004860113030385326,0.0001421478592997278,-0.01767195559919025,-0.006094063586925525,-0.004671932904296258,0.00018061901913428183,0.01273734493895307,1.001022516682771,0.1033633731933143,0.018214116129691,0.7769407744100271
2025Q1,1.0051982593146715,0.004175742631900459,0.0,0.0,0.012127833138604221,-0.008921726977473142,0.00162682580216645,-8.838097319719371e-05,-0.0005688083581998765,1.0051982593146715,0.1100163800420029,0.0200712970043708,0.7880038264951602
2025Q2,0.9906923307233814,-0.014505928591290185,0.0,0.0,0.00010645624667549249,-0.00528690933318812,-0.009509172690174358,-1.5669897387046798e-06,0.000185264175135506,0.9906923307233814,0.1051705586382824,0.018377148448249,0.7790596052336489
2025Q3,1.0164523009343387,0.025759970210957328,0.0002524497326891187,4.417583761598914e-05,0.005121343567112142,-0.009115284060988047,-0.01058505249634879,-0.00010773861082223951,0.040150076241699154,1.0164523009343387,0.0926244381041465,0.0126566486233442,0.8097516620711392
